activity_name,category,location_area
Ayala Triangle Gardens,Tourist attraction,"Paseo De Roxas St Cor Makati Ave, Cor Ayala Ave, Makati City, 1209 Metro Manila, Philippines"
Ayala Museum,Tourist attraction,"Makati Avenue, corner Dela Rosa Street, Ayala Center, Makati City, 1229 Metro Manila, Philippines"
Makati Museum,Tourist attraction,"986 J. P. Rizal St, Makati City, 1210 Metro Manila, Philippines"
Globe Circuit Event Grounds,Park,"H2GC+JF3, Riverfront Dr, Makati City, Metro Manila, Philippines"
Salcedo Weekend Market,Tourist attraction,"H26F+56Q, Salcedo Village, Jaime C. Velasquez Park, Tordesillas St. Cor Toledo St., Salcedo Village, Makati, 1227 Kalakhang Maynila, Philippines"
"Senator Benigno ""Ninoy"" Aquino Monument - Makati City",Tourist attraction,"6766 Ayala Ave, Legazpi Village, Makati City, 1229 Metro Manila, Philippines"
Yuchengco Museum,Tourist attraction,"RCBC Plaza, Corner Ayala Avenue and Senator Gil J. Puyat Avenue, Makati City, 1200 Metro Manila, Philippines"
Taguig People's Park,Tourist attraction,"Bldg 6 J.P. Rizal Extension, Taguig, 1215 Metro Manila, Philippines"
SM Makati,Shopping mall,"Hotel Dr, East St, Ayala Center, Makati City, 12242 Metro Manila, Philippines"
Greenbelt Park,Park,"Makati Ave, Makati City, Metro Manila, Philippines"
Jaime C. Velasquez Park,Tourist attraction,"H26F+247, Tordesillas, Makati City, 1209 Metro Manila, Philippines"
Legazpi Active Park,Tourist attraction,"Rada, Legazpi Village, Makati City, Metro Manila, Philippines"
FantasyWorld One Ayala,Amusement center,"Level 3, One Ayala, 1 Ayala Ave, Makati City, Metro Manila, Philippines"
Active Fun Taguig,Tourist attraction,"G3X2+V8P, 9th Ave, Taguig, Metro Manila, Philippines"
Dream Lab,Science museum,"Ayala Malls, Hippodromo St, Makati City, Philippines"
Mystery Manila,Escape room center,"Unit L305, 3rd Floor Century City Mall Kalayaan Avenue cor. Salamanca St Brgy, Makati City, 1210 Metro Manila, Philippines"
Makati Coliseum,Arena,"Mascardo, Makati City, 1204 Metro Manila, Philippines"
The Fun City - Ayala Malls Circuit,Indoor playground,"Philippines, Metro Manila, Makati City, 2F Ayala Circuit Mall"
LazerXtreme Manila,Tourist attraction,"4th level, Market! Market!, Bonifacio Global City, Taguig, 1634 Metro Manila, Philippines"
Glorietta Activity Center,Event venue,"H22G+F4H, Palm Dr, Ayala Center, Makati City, Metro Manila, Philippines"
DreamPlay,Tourist attraction,"Aseana Ave, Parañaque, Metro Manila, Philippines"
Left Behind Circuit Makati,Escape room center,"level 2, Ayala Malls, Circuit, Makati City, 1630 Metro Manila, Philippines"
Gootopia Mall of Asia,Recreation center,"3rd Floor, SM Mall of Asia, SM Central Business Park, 123 Seaside Blvd, Barangay 76, Pasay City, 1300 Metro Manila, Philippines"
Adventure Zone,Children's amusement center,"Levels 6, Shangri-La The Fort, Manila 30th Street, cor 5th Ave, Taguig, 1634 Metro Manila, Philippines"
Timezone Greenbelt 3,Amusement center,"Legazpi Street, Makati City, 1228 Metro Manila, Philippines"
Timezone Greenbelt 5,Amusement center,"3rd floor, Greenbelt 5, Ayala Center, Makati, 1223, Makati City, 1228 Metro Manila, Philippines"
The Bouldering Hive Makati,Rock climbing gym,"Circuit Makati, Ayala Malls, Upper Ground Level, Circuit Lane, Makati City, 1207, Philippines"
The Fun Roof,Bar,"4f, Matheus Bldg, 5382 General Luna, Makati City, 1210 Metro Manila, Philippines"
Manila Ocean Park,Theme park,"666 Behind, Quirino Grandstand, Ermita, Manila, 1000 Metro Manila, Philippines"
Santuario de San Antonio Parish (Archdiocese of Manila),Tourist attraction,"3117 McKinley Rd, Forbes Park, Makati City, 1220 Metro Manila, Philippines"
Fort Santiago,Tourist attraction,"Intramuros, Manila, 1002 Metro Manila, Philippines"
Timezone Ayala Malls Circuit,Amusement center,"Level 4, Ayala Malls Circuit, A.P. Reyes Avenue, Makati City, 1630 Metro Manila, Philippines"
OCTOPUS,Night club,"5043 P Burgos St, Makati City, 1200 Metro Manila, Philippines"
Royal Makati,Bar,"5343 St General Luna, Makati City, 1210 Metro Manila, Philippines"
Fyre Makati,Night club,"5021 P Burgos St, St, Makati City, 1210 Metro Manila, Philippines"
Secret Door,Pub,"8456 Doña Carmen St, Corner Kalayaan Ave, Poblacion, Makati City, 1210 Metro Manila, Philippines"
Bumi and Ashe Makati,Tourist attraction,"7230 Malugay, Makati City, 1209 Metro Manila, Philippines"
"Firefly Roofdeck Restaurant, Makati",Restaurant,"8008 Makati Ave. cor. Kalayaan Ave., 32/F City Garden Grand Hotel, Makati City, 1200 Metro Manila, Philippines"
Dr. Wine Poblacion Makati,French restaurant,"5921 Algier, Makati City, 1210 Metro Manila, Philippines"
Odd Cafe | Makati,Coffee shop,"7th floor Finman Centre Building 131 Tordesillas, cor Bautista, Salcedo Village, Makati City, 1227 Metro Manila, Philippines"
Mansion Sports Bar and Lounge (now Monarch Manila),Restaurant,"100, Don Carlos Palanca, Makati City, 1229 Metro Manila, Philippines"
Filling Station Bar And Cafe,American restaurant,"5012 P Burgos St, Brgy Poblacion, Makati City, 1210 Metro Manila, Philippines"
Fat Cat PH,Cafe,"2nd floor G14, Makati Square, Legazpi Village, Makati City, 1230 Metro Manila, Philippines"
Panco Cafe - Legazpi Makati,Restaurant,"110 Don Carlos Palanca, Legazpi Village, Makati City, Metro Manila, Philippines"
PubLa Bar Makati,Bar,"5050 P Burgos St, Poblacion, Makati City, 1210 Metro Manila, Philippines"
The Spirits Library,Cocktail bar,"4963 Guerrero, Makati City, 1210 Metro Manila, Philippines"
The Blind Pig,Cocktail bar,"Windsor Tower, 163 Legazpi Street, Legazpi Village, Makati City, 1200 Metro Manila, Philippines"
The Curator Coffee & Cocktails,Cafe,"134 Legazpi Street, Makati City, Metro Manila, Philippines"
Blackbird Makati,Eclectic restaurant,"6752 1229 Makati Ave, Makati City, 1229 Metro Manila, Philippines"
Ugly Duck Rooftop Bar & Kitchen,Filipino restaurant,"Rooftop, White Rabbit Bldg, 5672 Dona Carmen St, Cor General Luna, Makati City, 1210 Metro Manila, Philippines"
Hard Rock Cafe,Live music bar,"Ground Floor, Glorietta 3, Parkway Dr, Ayala Center, Makati City, 1223 Metro Manila, Philippines"
Neon Nights Bar Club,Bar,"5021 P Burgos St, St, Makati City, 1210 Metro Manila, Philippines"
Run Rabbit Run,Cocktail bar,"GF, Six Axis Building, 4347 B. Valdez, Poblacion, Makati City, 1210 Metro Manila, Philippines"
"Encima Roofdeck Restaurant, Makati",Tex-Mex restaurant,"Topmost Floor City Garden Hotel Makati, 7870 Makati Avenue, corner Durban, Barangay Poblacion, Makati City, 1210 Metro Manila, Philippines"
Sip & Gogh,Painting studio,"H28H+44Q, Kalayaan Ave, Makati City, Metro Manila, Philippines"
Grace Park Dining by Margarita Forés - One Rockwell,Restaurant,"G/F, One Rockwell East Tower, Rockwell Dr, Makati City, 1200 Metro Manila, Philippines"
Bombvinos Bodega,Restaurant,"Unit 3, Zone Sports Center, 7224 Malugay Street, Brgy, Bel-Air, Makati City, 1209 Metro Manila, Philippines"
Old Manila at The Peninsula Manila,Fine dining restaurant,"The Peninsula Manila Corner of Ayala and Makati Avenues Ground Level Makati, Makati City, 1226 Metro Manila, Philippines"
Lampara,Filipino restaurant,"Unit 1 GF, Villa Caridad 1, 5883 Enriquez, Brgy. Poblacion, Makati City, 1210 Metro Manila, Philippines"
Mamou Made Nice,Restaurant,"G/F 122, Joya Lofts & Towers, Plaza Drive corner Amorsolo Drive, Rockwell Dr, Makati City, Metro Manila, Philippines"
Your Local,Asian restaurant,"106 Esteban, Legazpi Village, Makati City, 1229 Metro Manila, Philippines"
Straight Up Bar at Seda Residences Makati,Western restaurant,"6798 Ayala Ave, Legazpi Village, Makati City, Metro Manila, Philippines"
Pablo Bistro,Spanish restaurant,"Salcedo Village, G/F The Picasso Boutique Serviced Residences, 117, 119 L.P. Leviste Street, Makati City, 1227 Metro Manila, Philippines"
Rumba,Mediterranean restaurant,"Ground Floor, The Shops at Ayala Triangle Gardens, Makati City, Metro Manila, Philippines"
WRITERS BAR,Restaurant,"1, Raffles Drive, Makati Ave, Makati City, 1224 Metro Manila, Philippines"
Oculto Makati,Night club,"5040, T. Tower Condominium, P Burgos St, Poblacion, Makati City, 1210 Metro Manila, Philippines"
SANCTUARY Poblacion,Bar,"5060 P Burgos, cor Guerrero, Poblacion, Makati City, 1210 Metro Manila, Philippines"
Notorious HQ,Night club,"8464 Kalayaan Ave, Poblacion, Makati City, 1210 Metro Manila, Philippines"
Washington Sycip Park,Tourist attraction,"Legazpi Street, Legaspi Village, Makati City, 1229 Metro Manila, Philippines"
URBN Makati,Night club,"11th Floor, 7842 Makati Ave, Poblacion, Makati City, 1200 Metro Manila, Philippines"
Loop Club Makati,Night club,"Calderon, 5038 P Burgos St, Makati City, 1210 Metro Manila, Philippines"
Cloudscape Art.Music.Dine,Gastropub,"5382, Matheus Bldg, Stall 01 General Luna, Poblacion, Makati City, 1210 Metro Manila, Philippines"
Timezone Glorietta 4,Video arcade,"Glorietta 4, 4/F Ayala Ave, Makati City, 1200 Metro Manila, Philippines"
Timezone One Ayala,Video arcade,"Level 3, One Ayala, 1 Ayala Ave, Makati City, Metro Manila, Philippines"
Timezone Glorietta 2,Video arcade,"3rd Level, Palm Dr, Makati City, 1223 Metro Manila, Philippines"
Q Power Station,Video arcade,"25 Lopez Dr, Makati City, 1210 Metro Manila, Philippines"
Timezone Market Market,Video arcade,"5/F McKinley Pkwy, Taguig, 1630 Metro Manila, Philippines"
Timezone Ayala Malls Manila Bay,Video arcade,"Ayala Malls Manila Bay, Diosdado Macapagal Boulevard, Aseana Ave, Parañaque, 1701, Philippines"
Q Power Station,Video arcade,"Level 4, The Podium, Ortigas Center, Pasig, Metro Manila, Philippines"
Ayala Malls Circuit,Shopping mall,"Hippodromo St, Makati City, 1207 Metro Manila, Philippines"
Ayala Malls Circuit Lane,Shopping mall,"Hippodromo, Makati City, 1207 Metro Manila, Philippines"
Mettacity,Video arcade,"Glorietta 4, Ayala Ave, Makati City, Metro Manila, Philippines"
San Antonio Plaza Arcade,Shopping mall,"50, 1221 McKinley Rd, Makati City, 1221 Metro Manila, Philippines"
Gameloft Philippines,Video arcade,"H267+HM5, Sen. Gil J. Puyat Ave, Makati City, 1227 Metro Manila, Philippines"
Catchin 'Up Pub - San Antonio Place,Gastropub,"215 Sen. Gil J. Puyat Ave, Makati City, 1203 Metro Manila, Philippines"
Timezone SM Mall of Asia,Video arcade,"Level 3, SM Mall of Asia, Seaside Blvd, Pasay City, 0168 Metro Manila, Philippines"
Kingswood Arcade,Condominium complex,"29 Pablo Ocampo Sr. Ext, Makati City, 1204 Metro Manila, Philippines"
Racket Yard,Sports club,"3rd Floor, D’ Arcade Food Park, 7433 Yakal, San Antonio, Makati City, 1203 Metro Manila, Philippines"
Makati City,Unknown,"Metro Manila, Philippines"
Quantum - Uptown Mall,Amusement center,"36th St, Taguig, Metro Manila, Philippines"
Quantum Amusement Corporation. - SM City Manila,Video arcade,"SM City Manila, San Marcelino Street, Manila, 1000 Metro Manila, Philippines"
Quantum Amusement,Amusement center,"3010-313 3F Virramall Shopping Center San juan M.M., San Juan City, 1502 Metro Manila, Philippines"
Quantum Amusement - SM Center Pasig,Amusement center,"GF Sm Supercenter Pasig frontera verde rodriguez jr ave brgy ugong pasig city, Pasig, 1604, Philippines"
Quantum amusement,Amusement center,"3rd Floor Shaw Center Mall, 360 Shaw Blvd, Nueve de Febrero, Mandaluyong City, Philippines"
Quantum,Amusement center,"Sm Aura Premier, McKinley Pkwy, Taguig, 1634 Kalakhang Maynila, Philippines"
Quantum Amusement,Video arcade,"Level 3, Midtown Wing, Robinsons Place, Manila, Philippines"
Quantum Amusement Corporation,Company,"156-158 EmSm Mall Of Asia, Bay Boulevard, Pasay City, 1300 Metro Manila, Philippines"
Quantum Amusement,Amusement center,"SM City San Lazaro, Yuseco St, Santa Cruz, Manila, 1014 Metro Manila, Philippines"
Q Power Station,Video arcade,"L5,516-517, 5th Floor East Wing, Shangri-La Plaza, EDSA, Corner Shaw Blvd, Ortigas Center, Mandaluyong City, Metro Manila, Philippines"
Quantum,Amusement center,"B, 022 , Shangri-La Plaza EDSA Corner Shaw Boulevard , Ortigas Center , Mandaluyong City , 1650 Metro Manila, Philippines"
Tom's World | SM Mall of Asia,Amusement center,"Level-1 MM 1164 - 1168, Mall of Asia, Sunset Ave., 1300 Pasay City, Philippines"
Tom's World,Amusement center,"G3HF+VPX, Taguig, Metro Manila, Philippines"
Tom's World SM City Togo,Amusement center,"628 San Marcelino St, Ermita, Manila, 1000 Metro Manila, Philippines"
Tom's World,Playground,"HXGM+9F3, Pedro Gil St, Ermita, Manila, 1000 Metro Manila, Philippines"
Tom's World,Game store,"LG,Mega a,Bridgeway, Mega Mall, Doña Julia Vargas Ave, Ortigas Center, Mandaluyong City, Metro Manila, Philippines"
Tom's World,Amusement center,"LG, SM City STA. Mesa, Aurora Bouvelard Corner Gregorio Araneta Avenue, San Juan City, Metro Manila, Philippines"
Tom's World,Recreation center,"1658 Recto Ave, Quiapo, Manila, 1001 Metro Manila, Philippines"
Tom's World,Amusement center,"SM City San Lazaro, Felix Huertas Rd, Santa Cruz, Manila, 1008 Metro Manila, Philippines"
Tom's World Parties - Robinsons Galleria,Event venue,"Level 3, Robinsons Galleria EDSA, cor Ortigas Ave, Ortigas Center, Quezon City, Metro Manila, Philippines"
Tom's World,Game store,"SM East Ortigas, Ortigas Ave Ext, Pasig, Metro Manila, Philippines"
Tom's World,Amusement center,"2nd Level, Puregold Building Ayala Malls Marikina, Liwasang Kalayaan, Marikina, 1800 Metro Manila, Philippines"
Tom's World,Amusement center,"Lower Ground Level, Robinsons Magnolia, Aurora Blvd, Corner Doña Hemady St, Quezon City, 1111 Metro Manila, Philippines"
Tom's World,Amusement center,"Walter Mart, Km.16 E Service Rd, Parañaque, 1700 Kalakhang Maynila, Philippines"
Tom's World,Children's amusement center,"SM Sucat, Dr. Santos Avenue Corner Santos P. Garcia Avenue, Don Sionisio, Parañaque, 1700 Kalakhang Maynila, Philippines"
New World Makati Hotel,Hotel,"Esperanza Street, corner Makati Ave, Ayala Center, Makati City, 1228 Metro Manila, Philippines"
Tom Shoes,Company,"2nd Floor Glorietta 3, Ayala Center, N Dr, Makati City, Metro Manila, Philippines"
Amanoma Esports Café,Internet cafe,"1861 Evangelista, Makati City, 1230 Metro Manila, Philippines"
Amanoma Gaming,Computer service,"1862 Evangelista, St, Makati City, 1230 Metro Manila, Philippines"
KDM Esports Cafe Evangelista Makati,Internet cafe,"4F, Sacred Heart Building, Evangelista, Makati, 1214 Kalakhang Maynila, Philippines"
Gaming Library Greenbelt 5,Hobby store,"Level 3, Greenbelt 5, 1228 Legazpi Street, Makati City, 1228 Metro Manila, Philippines"
INMERS | Floor Is Lava @ One Ayala,Game store,"Level 4, One Ayala Mall, 1 Ayala Ave, Makati City, 1223 Metro Manila, Philippines"
"Jade Entertainment and Gaming Technologies, Inc.",Video arcade,"Chino Roces Ave, Makati City, 1231 Metro Manila, Philippines"
Gaming Library Uptown Mall,Board game club,"3rd flr, Uptown Mall, 8th Avenue, Taguig, Metro Manila, Philippines"
"Prime Gaming Philippines, Inc.",Video arcade,"9/F Rufino Pacific Tower6784 Ayala Ave. cor., V.A. Rufino St, Makati City, Metro Manila, Philippines"
Studio 300 Makati,Bowling alley,"2256 Chino Roces Avenue, corner Epifanio de los Santos Ave, Bangkal, Makati City, 1233 Metro Manila, Philippines"
K Premium Luxury Internet Cafe - Makati Branch,Internet cafe,"78 Jupiter, Makati City, Metro Manila, Philippines"
The Office | Roll Play Game Lounge,Game store,"2F, the 30th Corte, Ayala Malls, Meralco Ave, Pasig, 1600 Metro Manila, Philippines"
Amanoma Esports Cafe Arnaiz Pasay,Internet cafe,"574 Antonio Arnaiz Ave, Pasay City, Metro Manila, Philippines"
Versus Barcade PH,Bar,"Ground Floor, Uptown Parade, 9th Ave, Taguig, Metro Manila, Philippines"
The Skuids Games,Sports bar,"1490 Anastacio, Makati City, 1212 Metro Manila, Philippines"
House Party Lounge Bar & Cafe,Bar,"4992 P. Guanzon, Makati City, 1210 Metro Manila, Philippines"
Blueprint Gaming Ltd.,Video arcade,"18th Floor, Philamlife Tower, 8767 Paseo de Roxas, Makati City, 1226 Metro Manila, Philippines"
MiNi Net Cafe,Internet cafe,"2013 General Luna, Taguig, 1213 Metro Manila, Philippines"
LOS ZETAS ESPORTS CAFE,Internet cafe,"1st floor 2nd, SANTAANA PLACE CORPORATION, unit, 9638 Kalayaan Ave, Makati City, Metro Manila, Philippines"
2564 Manggahan st guadalupe makatimakati,Internet cafe,"2564 Manggahan, Makati City, Metro Manila, Philippines"
Universe Cyber Cafe,Cafe,"7829 Makati Ave, Makati City, Metro Manila, Philippines"
Jb Mateo Internet Cafe,Cafe,"6803 A.Santuico, Makati, 1230 Kalakhang Maynila, Philippines"
N3XTGEN internet cafe,Internet cafe,"164 Taal St., Group2, post proper, post proper, Taguig, 1200 Metro Manila, Philippines"
Kadiliman Esports Cafe Guadalupe,Internet cafe,"8140 Sgt. Fabian Yabut, Makati City, 1212 Metro Manila, Philippines"
Buzz Premium Internet Cafe - Taft branch,Internet cafe,"Taft Ave, Malate, Manila, 1004 Metro Manila, Philippines"
APLRC Sari-Sari Store (formerly APLRC INTERNET CAFE),Store,"2874 Finlandia, Makati City, 1234 Metro Manila, Philippines"
Cyber Central Cafe,Internet cafe,"3/F Besanet Cyber Cafe, Unit 27 Welcome Plaza Mall 2410 Taft Avenue, cor Antonio S. Arnaiz Ave, Pasay City, 1300 Metro Manila, Philippines"
Hey Internet Café-Moa,Internet cafe,"Unit 206, 207 & 208, Level 2, Monarch Parksuites, Bradco Ave, Parañaque, 1702 Metro Manila, Philippines"
REBHEL Internet Cafe,Internet cafe,"12th. St corner 7th St Villamor, Barangay 183, Pasay City, 1300 Metro Manila, Philippines"
Creativity Lounge,Digital printing service,"for EDSA, Ayala Center, Fourth Floor, One Ayala, Ayala Ave, Makati City, 1223 Metro Manila, Philippines"
Garage 339 internet cafe,Computer store,"G3V3+PG9, Tulip, Taguig, Metro Manila, Philippines"
Kaethe Internet Cafe,Internet cafe,"2440 Oro-B, San Andres Bukid, Manila, 1009 Metro Manila, Philippines"
Gamers Hub,Internet cafe,"Blk 54 Lot 10 Pinagsama Village Phase 2, Taguig, 1700 Metro Manila, Philippines"
PC GAMES MAKATI,Computer software store,"1207 Honradez St, Makati City, Metro Manila, Philippines"
DynaQuest PC Makati,Computer store,"4464 Calatagan St, Makati City, 1235 Metro Manila, Philippines"
Techtite E-Sports Lounge - De La Salle University Manila,Internet cafe,"One Archers Place, Taft Ave, Ermita, Manila, 1000 Metro Manila, Philippines"
Games and Amusements Board,Government office,"2/F, Legaspi Tower 200, Paseo de Roxas St., Legaspi Village 1229, Makati City, Philippines"
STT Makati Data Center,Corporate office,"2270 Chino Roces Ave, Makati City, 1232 Metro Manila, Philippines"
IDNPLAY,Software company,"1230 Sen. Gil J. Puyat Ave, Makati City, 1230 Metro Manila, Philippines"
Nexplay,Media company,"2003, One World Place, 32nd St, Taguig, Metro Manila, Philippines"
+81 Bar,Cocktail bar,"Makati Square, G-1 Fernando, Makati City, Metro Manila, Philippines"
NAOS Esports Arena,Internet cafe,"One Archers Place, 2311 Taft Ave, Malate, Manila, 1004 Metro Manila, Philippines"
Whimsy Game Cafe,Game store,"The Portal, Unit 14&15 Mayflower St, Highway Hills, Greenfield District, Mandaluyong City, Metro Manila, Philippines"
Ludo Games Store,Trading card store,"7396 Santillan, Makati City, 1230 Metro Manila, Philippines"
Room 6209,Bar,"6209 Manalac, Makati City, Metro Manila, Philippines"
Surge Fitness + Lifestyle Jupiter Makati Bel-Air,Fitness center,"120 Jupiter, Makati City, 1209 Metro Manila, Philippines"
Co-Op Gaming Lounge,Video game rental store,"JX3Q+G69, Recto Ave, Sampaloc, Manila, 1008 Metro Manila, Philippines"
Makati Central Square,Shopping mall,"2130 Chino Roces Ave, Legazpi Village, Makati City, 1230 Metro Manila, Philippines"
Surge Fitness + Lifestyle Glorietta,Fitness center,"Ayala Avenue cor. Pasay Road Ayala Center Ayala Center Makati, Makati City, Metro Manila, Philippines"
GamerZ PS5 Lounge,Internet cafe,"B1 L38 San Miguel, 2 Ave. Molino 4, Bacoor, Cavite, Philippines"
Game One Tech Store,Video game store,"3rd Flr, Glorietta 2, Palm Dr, Makati City, Metro Manila, Philippines"
Data Blitz,Game store,"3rd Level, Glorietta 2, Palm Dr, Makati City, 1223 Metro Manila, Philippines"
Data Blitz (Datablitz),Video game store,"2F, Century City Mall, Kalayaan Ave, Makati City, 1210 Metro Manila, Philippines"
Game One Tech Store,Video game store,"4/F, Greenhills Mall, Greenhills Shopping Center, San Juan City, 1502 Metro Manila, Philippines"
Slip99,Video game store,"GXJP+GCJ, Coral Way, Pasay City, Metro Manila, Philippines"
GameXtreme,Video game store,"2nd Floor, Cyberzone, SM Makati, Makati City, Metro Manila, Philippines"
A&R Playstation Corner,Video game store,"15-H Pio Del Pilar, st A. Bonifacio Ave, Taguig, 1215 Metro Manila, Philippines"
DataBlitz,Video game store,"R3, Power Plant Mall, Rockwell Dr, Makati City, Metro Manila, Philippines"
EasyPC Makati,Computer store,"1113 J.P. Rizal, cor Antipolo, Makati City, 1208 Metro Manila, Philippines"
Jilipark,Video game store,"127 Sinciego, Pasay City, 1306 Metro Manila, Philippines"
Gameline - MOA Branch,Video game store,"2nd flr., North Wing, SM Mall of Asia, 123 Seaside Blvd, Pasay City, 1300 Metro Manila, Philippines"
Datablitz - One Ayala,Video game store,"Level 4, Ayala Malls One Ayala, Makati City, Metro Manila, Philippines"
Datablitz,Video game store,"2nd Floor, Cyberzone, SM Makati, Makati City, Metro Manila, Philippines"
E-games Sta.Ana (Cool Games),Casino,"3333 New Panaderos, Santa Ana, Manila, 1009 Metro Manila, Philippines"
Virtual Game Rental (Virtual Reality),Event technology service,"Cityland Pasong Tamo Tower, 6264 Calle Estacion, Makati City, 1230 Metro Manila, Philippines"
Space Arcade PH,Video arcade,"L1 S Maison Seaside Boulevard, Coral Way, Pasay City, 1300 Metro Manila, Philippines"
Timezone - Venice Grand Canal Mall,Video arcade,"2nd Floor, Venice Grand Canal Mall, McKinley Hill Dr, Taguig, 1630 Metro Manila, Philippines"
VR Live,Game store,"SM Mall of Asia, Pasay City, Metro Manila, Philippines"
Timezone Vista Mall Taguig,Video arcade,"2/F, Vista Mall, Camella Taguig Road, Levi Mariano Avenue, Tuktukan, Taguig, 1630, Philippines"
Fantacy Amuse,Video arcade,"H3M4+PMR, Doña Julia Vargas Ave, Ortigas Center, Mandaluyong City, Metro Manila, Philippines"
Timezone SM Mall of Asia 2,Video arcade,"Level 3, Entertainment Mall, SM Mall of Asia, Pasay City, 1300 Metro Manila, Philippines"
Timezone SM Aura,Video arcade,"5th floor, SM Aura Premier, 26th street, Corner McKinley Pkwy, Taguig, Philippines"
Timezone Robinsons Place Manila 2F,Video arcade,"2nd level, Pedro Gil Wing, Robinsons Place Manila Pedro Gil, cor Adriatico St, Ermita, Manila, 1000 Metro Manila, Philippines"
Timezone Robinsons Galleria,Video arcade,"Upper Ground Floor, Robinsons Galleria EDSA, cor Ortigas Ave, Ortigas Center, Quezon City, Metro Manila, Philippines"
"Veer Immersive Technologies, Inc.",Corporate office,"Unit 305, Parc House II 21 EDSA, Guadalupe, Makati City, Metro Manila, Philippines"
Virtual Studios PH,Corporate office,"S&L Building, 101 Esteban, Legazpi Village, Makati City, 1229 Metro Manila, Philippines"
Alpha Sports Elite Golf Simulators (Makati),Indoor golf course,"2285 Chino Roces Ave, Makati City, 1232 Metro Manila, Philippines"
Elite Tee Box - BGC(Golf Lab),Indoor golf course,"Unit 507, High Street Central, Taguig, 1634 Metro Manila, Philippines"
TEAM SINGLE PLAY 스크린골프,Indoor golf course,"2nd floor, Units 206 and 207 Bonifacio Stopover 31st Street, Cor Rizal Dr, Taguig, 1634 Metro Manila, Philippines"
Friendsscreengolf,Indoor golf course,"4th Floor, Century City Mall, Kalayaan Ave, Makati City, 1210 Metro Manila, Philippines"
TC Gaming Group,Software company,"213 Sen. Gil J. Puyat Ave, Makati City, 1203 Metro Manila, Philippines"
PLI Golf Makati (Virtual Golf Simulator),Indoor golf course,"260 Old 262 A Pablo Ocampo Sr. Extension Former V. Cruz, San Antonio Village, Makati City, 1203 Metro Manila, Philippines"
Monza Barcade,Bar,"The View Deck, Arcovia, Pasig, Metro Manila, Philippines"
KORSA Pitstop Cafe,Video arcade,"Unit 3125 Diosdado Macapagal Blvd, cor Aseana Ave, Parañaque, 1701 Metro Manila, Philippines"
GolfX BGC - Sports Hub (Indoor Golf),Indoor golf course,"34th St, Taguig, Metro Manila, Philippines"
Newsim,Training center,"2323 Marconi St, Makati, Kalakhang Maynila, Philippines"
Circuit makati,Park,"H2G9+PXM, Hippodromo St, Makati City, Metro Manila, Philippines"
Meta Motors Pasig Circuit,Racecourse,"San Andres Compound, 5 Francisco Legaspi, Pasig, 1607 Metro Manila, Philippines"
Monarch Manila,Bar,"100 C Don Carlos Palanca, Legazpi Village, Makati City, 1229 Metro Manila, Philippines"
Skyline Sports & Social,Sports bar,"4F, Century City Mall, Kalayaan Ave, Poblacion, Makati City, 1210 Metro Manila, Philippines"
F1 Racing Simulator International,Racing car parts store,"J39W+QQ4, Marikina-Infanta Hwy, Antipolo, 1870 Metro Manila, Philippines"
Gameline Grid Experience Center,Video game store,"5 Campanilla, Mariana, Quezon City, 1112 Metro Manila, Philippines"
Sim Racing Stand,Metal fabricator,"2nd St, Cainta, 1900 Rizal, Philippines"
Upshift Racing Cafe,Coffee shop,"Philippines, Metro Manila, Manila, Malate, 邮政编码: 1004"
Apex Racing Philippines,Sports club,"888 Banawe Square, Banawe, Cor G. Roxas St, Quezon City, Metro Manila, Philippines"
Ekartraceway,Go-karting venue,"3rd Floor, main building, SM North Edsa, Bagong Pag asa, Quezon City, 1105 Metro Manila, Philippines"
Green Sun Hotel & Events,Hotel,"2285 Chino Roces Ave, Makati City, 1232 Metro Manila, Philippines"
Tuason Racing,Motorsports store,"Dahlia, Almanza Dos, Las Piñas, Metro Manila, Philippines"
Racing Juan Store,Motorsports store,"Ground Floor, Alabang Town Center, Theater Dr, Alabang, Muntinlupa, 1770 Metro Manila, Philippines"
Shift Zone Trading,Store,"40, 1800 Starlight, Marikina, Metro Manila, Philippines"
Alpha Sports - Friends Screen Golf Simulators (Alabang),Indoor golf course,"2/F Commerce Avenue cor Filinvest, E Asia Dr, Alabang, Muntinlupa, 1781 Metro Manila, Philippines"
TOPSIM Indoor Golf and Racing Center,Video arcade,"56 Holy Spirit Dr, Quezon City, 1127 Metro Manila, Philippines"
SHOOR,E-commerce service,"Salcedo One Centre, 170 Salcedo, Legaspi Village, Makati City, 1229 Metro Manila, Philippines"
Rabbit Room,Restaurant,"8858 Sampaloc, Makati City, 1203 Metro Manila, Philippines"
Mystery Manila Podium Mall,Escape room center,"5ft Floor, SM Podium Mall, Ortigas Center, Mandaluyong City, Metro Manila, Philippines"
Banter and Jive,Cocktail bar,"3rd Floor, 5650 Don Pedro, Makati City, 1210 Metro Manila, Philippines"
Dim Dim,Bar,"5969 Fermina, Poblacion, Makati City, 1219 Metro Manila, Philippines"
The Rage Room and Coffee - Ayala Malls Circuit,Coffee shop,"Upper Ground Floor, Hippodromo St, Makati City, Metro Manila, Philippines"
Breakout Shangri-La Plaza,Recreation center,"5th floor East Wing Shangri-La Plaza Local 336-338 Edsa, corner Shaw Blvd, Ortigas Center, Mandaluyong City, 1552 Metro Manila, Philippines"
LOST Promenade,Escape room center,"Annapolis St. Cor, Missouri, San Juan City, 1502 Metro Manila, Philippines"
BGC Immersive,Museum,"3rd Floor, One Bonifacio High Street Mall, Taguig, Metro Manila, Philippines"
Omniverse Museum,Museum,"Omniverse Museum Japan Town 4/F Glorietta 2, Ayala Center Makati Palm Dr, Makati Ave, Makati City, 1224 Metro Manila, Philippines"
Immersive Media,Advertising agency,"702 SEDCCO 1 Building Corner Rada, Legazpi Street, Legazpi Village, Makati City, 1229 Metro Manila, Philippines"
Dream Art,Handicraft,"Philippines, Metro Manila, Makati City, L2009, 邮政编码: 1229"
Digital National Art Museum (DNA Museum),Tourist attraction,"Luneta, Ermita, Manila, 1000 Metro Manila, Philippines"
The Mind Museum,Tourist attraction,"JY Campos Park, 3rd Ave, Taguig, 1634 Metro Manila, Philippines"
SPACE & TIME CUBE+,Tourist attraction,"Level 1, S'maison, Coral Way, cor Seaside Blvd, Pasay City, Philippines"
Under Maintenance,Art studio,"6th Floor, Karrivin Studios, 2316 Chino Roces Ave Ext, Makati City, 1232 Metro Manila, Philippines"
MO_Space,Art gallery,"3rd floor, MOs Design Bldg, B2 9th Avenue, Bonifacio High Street, Taguig, 1634 Metro Manila, Philippines"
The Dessert Museum,Modern art museum,"Seaside Boulevard, Coral Way, Pasay City, 1300, Philippines"
Altro Mondo Creative Space,Art gallery,"1159 Chino Roces Ave, Makati City, 1203 Metro Manila, Philippines"
Experience One,Software company,"27th Floor Tower 2, The Enterprise Centre, 6766 Ayala Avenue, corner Paseo de Roxas, Makati City, 1226, Philippines"
Cibes Lift Makati City Experience Center,Manufacturer,"Patio, 2257 Chino Roces Ave, Extension, Makati City, Metro Manila, Philippines"
Kuysen Design + Experience Center,Home goods store,"2 Jupiter Street, corner Zodiac, Bel-Air, Makati City, Philippines"
ACE Testing Hub Makati,Educational testing service,"178 Salcedo, Legazpi Village, Makati City, 1223 Metro Manila, Philippines"
Aesthetic Science Clinic Makati,Skin care clinic,"GF Somerset Olympia Makati, Makati Ave, corner Sto. Tomas, Makati City, Philippines"
KMC | Armstrong Corporate Center - Proworking and Virtual Office Space - Makati,Coworking space,"Salcedo Village, KMC Armstrong Corporate Center, H.V. Dela Costa, Makati City, 1227 Metro Manila, Philippines"
VXI Makati Recruitment Center,BPO company,"G/F SM Cyber Two Bldg., EDSA Buendia, Makati City, 1226 Metro Manila, Philippines"
DJI Authorised Store One Ayala Makati,Drone shop,"4th level, Ayala Mall EDSA, corner Ayala Ave, Makati City, Metro Manila, Philippines"
"MISNet Education, Inc.",Training center,"Unit 2201 Antel Corporate Center 121 Valero Street, Salcedo, Legazpi Village, Makati City, 1227 Metro Manila, Philippines"
The Enterprise Center,Corporate office,"The Enterprise Center Tower 2, The Enterprise Center Paseo de Roxas, Legazpi Village, Makati City, Metro Manila, Philippines"
Nexus Center,Business center,"1010 Metropolitan Ave, Makati City, 1203 Metro Manila, Philippines"
CHAGEE - PNB Makati Center,Tea house,"Ground Floor, PNB Makati Center G/F Allied Bank Center 6754 Ayala Ave, cor Legazpi Street, Makati City, 0716 Metro Manila, Philippines"
Huawei Experience Store Ayala Malls Circuit Makati,Electronics store,"Lower Ground Level, Circuit Lane, Ayala Mall, Ground Floor, Hippodromo St, Makati City, 1630 Metro Manila, Philippines"
The Enterprise Center Tower 1,Corporate office,"Tower 1, The Enterprise Center Tower 2, Paseo de Roxas, Legazpi Village, Makati City, 1226 Metro Manila, Philippines"
Makati Medical Center,Medical Center,"2 Amorsolo Street, Legazpi Village, Makati City, 1229 Metro Manila, Philippines"
Fun House,Amusement center,"Puregold, 35 J. P. Rizal St, Makati City, Metro Manila, Philippines"
Fun House,Amusement center,"GCC, Edsa Corner Guadalupe, Makati, 1212 Kalakhang Maynila, Philippines"
The Mirror Studio,Dance hall,"8463 Kalayaan Ave, Makati City, 1209 Metro Manila, Philippines"
"Xoomibox Laser Maze & Lava Room - Ayala Malls, Manila Bay",Laser tag center,"5th floor Ayala Mall Manila Bay Diosdado Macapagal Blvd, cor Aseana Ave, Parañaque, 1701 Metro Manila, Philippines"
Mystery Manila - Jupiter Makati,Tourist attraction,"Jupiter, Makati City, Metro Manila, Philippines"
Music 21 Plaza Makati Branch,Karaoke bar,"2166 Chino Roces Ave, Makati City, 1230 Metro Manila, Philippines"
99 Family KTV - 9Sing Karaoke Bar,Karaoke bar,"644 J. P. Rizal St, Olympia, Makati City, 1207 Metro Manila, Philippines"
Rockstar KTV Glorietta,Karaoke bar,"4/F, Top Of Glo, Glorietta 4, Makati, Kalakhang Maynila, Philippines"
Sakurako,Karaoke bar,"2282, 1230 Chino Roces Ave, Makati City, 1230 Metro Manila, Philippines"
Musing KTV and Restobar,Karaoke bar,"2nd floor, AGS Plaza, Unit 7 Washington, Makati City, 1200 Metro Manila, Philippines"
Durban Makati Family KTV,Bar,"4900 Durban, Makati City, Metro Manila, Philippines"
PRINCESS SHINJU,Karaoke bar,"806 Antonio Arnaiz Ave, Makati City, 1223 Metro Manila, Philippines"
Pao KTV,Karaoke bar,"2nd Floor, Ags Bldg, 174 Yakal, Makati City, 1203 Metro Manila, Philippines"
Neukati KTV,Night club,"3F, Buma Building, 1012 Metropolitan Ave, Makati City, Metro Manila, Philippines"
Secret,Karaoke bar,"5644 Don Pedro, Makati City, 1210 Metro Manila, Philippines"
Uncle J Family KTV,Karaoke bar,"5783 Felipe, Makati, 1210 Kalakhang Maynila, Philippines"
Shiawase Bar & Restaurant,Karaoke bar,"808 RV Bryan Bldg., A. Arnaiz Ave, Makati City, Metro Manila, Philippines"
Music 11 Plaza,Restaurant,"Eurocrest Building, Dreamland subdivision, 126 Jupiter, Makati City, 1209 Metro Manila, Philippines"
Sayaka,Karaoke bar,"Makati Square, Fernando Street.Don Chino Roces Ave, brgy pio del pilar, Makati City, 1209 Metro Manila, Philippines"
Mariko,Karaoke bar,"H229+88V, Antonio S. Arnaiz Ave, Makati City, Metro Manila, Philippines"
Little Shiawase,Karaoke bar,"1229, 132 Amorsolo Street, Makati City, 1229 Metro Manila, Philippines"
The Lounge Cafe & KTV,Bar,"Bakawan, corner Mayapis St., Makati City, 1203, Philippines"
9 KTV & Resto Bar,Karaoke bar,"st, 329 J. P. Rizal St, Tejeros, Makati City, 1204 Metro Manila, Philippines"
Bijinza de Makati Show Club,Karaoke bar,"The Gallery, Amorsolo Street, Legazpi Village, Makati, 1229 Kalakhang Maynila, Philippines"
Rockstar KTV SM Aura,Karaoke bar,"5th Level, Skygarden, SM Aura, McKinley Pkwy, Taguig, Metro Manila, Philippines"
InLove KTV Makati,Karaoke bar,"8th-10th floor, 7842 Makati Ave, Poblacion, Makati City, 1210 Metro Manila, Philippines"
Hi-Tide KTV Bar,Karaoke bar,"309 J. P. Rizal St, Makati City, 1204 Metro Manila, Philippines"
7373 Events Place & Restaurant,Event venue,"7373 Bakawan, Makati City, 1203 Metro Manila, Philippines"
Studio M,Dance hall,"V.G, Miranda Bldg, 9699 Pililia, Makati City, 1208 Metro Manila, Philippines"
Rhythms N' Spoons ( formerly Bites Bistro Makati ),Bistro,"101, Rockfort Makati Boutique Condo, 3177 Kalayaan Ave, Pinagkaisahan, Makati City, 1212 Metro Manila, Philippines"
Lub d Manila Makati,Hotel,"7820 Makati Ave, Makati City, 1210 Metro Manila, Philippines"
Opera Haus,Music school,"3657 Bautista St, Makati City, 1230 Metro Manila, Philippines"
Z Hostel,Hostel,"5660 Don Pedro, Makati, Makati City, 1209 Metro Manila, Philippines"
Maestro Studios,Recording studio,"4332 Gen. Tinio, Makati City, 1233 Metro Manila, Philippines"
Infinitif Entertainment Studio,Training center,"2/F, 6678 T.Taylo, Makati City, Metro Manila, Philippines"
Makati Diamond Residences,Hotel,"118 Legazpi Street, Legazpi Village, Makati City, 1229 Metro Manila, Philippines"
Timeless Music Bar,Bar,"Unit G-7, Creekside Building, Amorsolo Street, Makati City, Metro Manila, Philippines"
Alibi Music Lounge - Makati,Lounge bar,"Side of 1898 Hotel, 5033 P Burgos St, Poblacion, Makati City, 1210 Metro Manila, Philippines"
GRANDEUR music lounge,Bar,"Makati Square, Chino Roces Ave, Legazpi Village, Makati City, Metro Manila, Philippines"
BANDO - Hip-Hop & RnB Nightclub Makati,Bar,"Basement 1, Parking Area, Makati Square, Chino Roces Ave, Legazpi Village, Makati City, 1230 Metro Manila, Philippines"
Rosie’s Cocktail Lounge,Cocktail bar,"5734 P Burgos St, Poblacion, Makati City, 1209 Metro Manila, Philippines"
Long Bar,Bar,"1, Raffles Drive, 1st Floor Lobby, Raffles Makati, Makati Ave, Makati City, 1224 Metro Manila, Philippines"
The Penthouse 8747,Lounge bar,"8747 Paseo de Roxas, Makati City, 1227 Metro Manila, Philippines"
Handlebar Bar and Grill,Bar & grill,"31 Polaris, Makati, 1209 Kalakhang Maynila, Philippines"
SaGuijo Cafe and Bar events,Bar,"7612 Guijo, Village, Makati, 1203 Kalakhang Maynila, Philippines"
Salon de Ning,Bar,"Corner of Ayala and 1226, Makati Ave, Makati City, Metro Manila, Philippines"
Waltermart Cinemas - Makati,Movie theater,"5/F Walter Mart Makati, 790 Chino Roces Street, 12 Makati Ave, Makati City, 1230 Metro Manila, Philippines"
Power Plant Cinema,Movie theater,"R3, Power Plant Mall, Rockwell Drive, Cor Estrella, Makati City, 1200, Philippines"
Ayala Malls Cinemas Circuit,Movie theater,"H2F9+3X6, Ayala Malls Circuit, Hippodromo, Makati City, Metro Manila, Philippines"
Greenbelt 3 Cinemas,Movie theater,"4th floor, Greenbelt, 3 Esperanza St, Makati City, 1224 Metro Manila, Philippines"
Glorietta 4 Cinemas,Movie theater,"4th Floor, Glorietta 4, Ayala Center, Makati City, Metro Manila, Philippines"
Century City Cinemas,Movie theater,"Century City Mall, Kalayaan Ave, Makati, 1210 Kalakhang Maynila, Philippines"
Cinema - Cash & Carry Mall,Movie theater,"Cash & Carry Mall, 1200 Filmore St, Makati City, Metro Manila, Philippines"
Ayala Mall Cinemas Glorietta,Movie theater,"L4, G4, Glorietta 4, Ayala Ave, Makati City, Metro Manila, Philippines"
SM Cinema Aura,Movie theater,"4/F SM Aura Premier, 26th Street corner, McKinley Pkwy, The Fort, Taguig, Metro Manila, Philippines"
Greenbelt,Shopping mall,"Legazpi Street, Legazpi Village, Makati City, Metro Manila, Philippines"
Bonifacio High Street Cinemas,Movie theater,"H22X+RGV, 30th St, Taguig, Metro Manila, Philippines"
The Landmark Makati,Shopping mall,"6751 Makati Ave, Ayala Center, Makati City, Metro Manila, Philippines"
Century City Mall,Shopping mall,"Century City Kalayaan Ave, Cor Salamanca, Brgy. Poblacion, Makati City, 1210 Metro Manila, Philippines"
SureSeats,Movie theater,"Ayala Malls Cinemas, 4th floor Glorietta 4, Ayala Center, Countryard Drive 1224, Makati City, Metro Manila, Philippines"
Le Ciné Club Manila,Movie theater,"Alliance Française de Manille, 209 Nicanor Garcia St, Makati City, 1209 Metro Manila, Philippines"
Glorietta,Shopping mall,"Ayala Center, Makati City, 1226 Metro Manila, Philippines"
Uptown Mall Cinema,Movie theater,"9th Ave., Ave, Uptown Mall, 11th Dr, Taguig, Metro Manila, Philippines"
Ayala Malls Cinemas Manila Bay,Movie theater,"GXFP+8WG, Fifth Floor, Ayala Malls Manila Bay, Parañaque, Metro Manila, Philippines"
Robinsons Movieworld Manila,Movie theater,"HXGM+4W8, Pedro Gil St, Ermita, Manila, 1000 Metro Manila, Philippines"
One Eye Studio,Movie theater,"5022 P Burgos St, Poblacion, Makati City, 1210 Metro Manila, Philippines"
SM Cinema | IMAX Mall of Asia,IMAX theater,"GXPH+MX2, Ground Floor North Wing, SM Mall of Asia EDSA Extension , SM CENTRAL BUSINESS PARK, BAY CITY, Pasay City, 1308, Philippines"
Venice Cineplex Cinema,Movie theater,"G3M2+88P, Venezia Drive, Taguig, Metro Manila, Philippines"
SM Cinema | IMAX Aura Premier,IMAX theater,"26th Street, Corner McKinley Pkwy, Taguig, 1630, Philippines"
SM Cinema | IMAX Megamall,IMAX theater,"316 Epifanio de los Santos Ave, Ortigas Center, Mandaluyong City, 1555 Metro Manila, Philippines"
iMax Technologies Inc.,Telecommunications equipment supplier,"18 Binay Street, Makati City, Metro Manila, Philippines"
Imax Technologies,Unknown,"1230 Gonzalo Puyat St, Quiapo, Makati City, 1001 Metro Manila, Philippines"
Cinematheque Centre Manila,Movie theater,"Lot 2, Block 51 Sta. Lucia St, Intramuros, Manila, 1002 Metro Manila, Philippines"
Market Market Cinema,Movie theater,"Market! Market!, McKinley Pkwy, Taguig, 1630 Metro Manila, Philippines"
SM Cinema Megamall,Movie theater,"3/F SM Megamall Building, Edsa corner Julia Vargas Avenue, Ortigas, Mandaluyong City, Philippines"
Cinema '76 Film Society,Movie theater,"Corner Tomas Morato Ave, Diliman, Quezon City, Metro Manila, Philippines"
Gateway Cineplex 18,Movie theater,"4th Floor Gateway Mall, General Malvar Ave, Cubao, Quezon City, 1109 Kalakhang Maynila, Philippines"
Directors Club by SM Cinema,Movie theater,"The Podium, 12 ADB Ave, Ortigas Center, Mandaluyong City, 1550 Metro Manila, Philippines"
CineFilipino,Entertainment agency,"Greenbelt Mansion Condominium, 106 Perea, Legaspi Village, Makati City, 1229 Metro Manila, Philippines"
Film Experts Incorporated,Unknown,"c/o, 2663 Honduras, Village, Makati City, 1200 Metro Manila, Philippines"
Samsung Performing Arts Theater,Performing arts theater,"Hippodromo St, Makati City, 1630 Metro Manila, Philippines"
Director's Club - S Maison,Movie theater,"Level 2, S'maison, Pasay City, Metro Manila, Philippines"
Film Pabrika,Television studio,"20 Jupiter, Makati City, 1209 Metro Manila, Philippines"
4DX,Movie theater,"H22C+PP4, Greenbelt Dr, Makati City, Metro Manila, Philippines"
Urban Theory Cocktail Bar,Pub,"2nd Floor, 174 Yakal, Makati City, 1203 Metro Manila, Philippines"
oto,Cocktail bar,"Unit 1 GF, Villa Caridad 1, 5883 Enriquez, Brgy. Poblacion, Makati City, 1210 Metro Manila, Philippines"
Bar 10 Four,Bar,"St, Somerset Millenium, 104 Aguirre, Legazpi Village, Makati City, 1229 Metro Manila, Philippines"
Union Jack Tavern - Makati,Pub,"105 V.A Rufino St., co, Esteban, Legazpi Village, Makati City, 1170 Metro Manila, Philippines"
Antidote,Gastropub,"Roofdeck, I'M Hotel, 7862 Ave, Makati City, 1210 Metro Manila, Philippines"
The Grasshopper Bar,Bar,"Don Carlos Palanca, Legazpi Village, Makati City, 1229 Metro Manila, Philippines"
Alamat Filipino Cuisine,Bar,"2/F, 5666 Don Pedro, Poblacion, Makati City, 1209 Metro Manila, Philippines"
Shooters Sports Bar & Cafe Makati,Sports bar,"Shooters Sports bar and Restaurant Ground Floor, E. Mercado Corner F. Calderon Street Kalayaan Avenue, Mercado, Makati City, 1210 Metro Manila, Philippines"
Catchin' Up Pub - Jupiter,Gastropub,"28 Jupiter, Makati City, 1209 Metro Manila, Philippines"
H&J Sports Bar and Restaurant,Restaurant,"5781 Felipe, Poblacion, Makati City, 1210 Metro Manila, Philippines"
Moon Club Makati at 2nd Floor,Club,"5050, cor P Burgos St, poblacion, Makati City, 1210 Metro Manila, Philippines"
Apotheka Manila,Night club,"G/F, White Rabbit Blg, 5672 Dona Carmen St, Cor General Luna, Poblacion, Makati City, 1210 Metro Manila, Philippines"
The City Club,Club,"4F, 7232 Ayala Ave, Extension, Makati City, 1209 Metro Manila, Philippines"
Disturbia Super Club,Night club,"37 Polaris, Makati City, 1209 Metro Manila, Philippines"
Tower Club,Club,"Salcedo Village, 8767 Paseo de Roxas, Makati City, 1227 Metro Manila, Philippines"
Club Nomads,Bar,"1261 Batangas, Makati City, 1234 Metro Manila, Philippines"
LA NOIRE Social Club + Lounge,Social club,"New World Hotel, New World Hotel Makati, Esperanza St, Makati City, Metro Manila, Philippines"
Ringside Bar,Night club,"4853 P. Burgos Corner Kalayaan Avenue, Makati City, 1210 Metro Manila, Philippines"
The Studio Dance Club,Night club,"Level 3, Greenbelt, 3 Esperanza St, Makati City, 1224 Metro Manila, Philippines"
Club BLUE Makati,Night club,"5038 Calderon, Makati City, 1210 Metro Manila, Philippines"
Horizon Club Shangri-La Makati,Lounge bar,"24th Floor, Shangri-La Makati, Ayala Ave, Makati City, Metro Manila, Philippines"
SYNQ Poblacion,Night club,"GF, Matheus Building, 5382 General Luna, Makati City, 1210 Metro Manila, Philippines"
Yso Rich,Night club,"5345 General Luna, Makati City, 1208 Metro Manila, Philippines"
LUXXE Bar & Cocktail Lounge,Night club,"Dona Carmen, Makati City, 1210 Metro Manila, Philippines"
O2 Rooftop Bar,Lounge bar,"27th floor Penthouse D2 Residence Bonifacio Civic Center Tower, 6 McKinley Pkwy, Post Proper Northside, Taguig, 1634 Metro Manila, Philippines"
1018 Rooftop Bar,Bar,"Rizal Village, 1018 Teresa, Makati City, 1208 Metro Manila, Philippines"
Mistral,Bar,"1, Raffles Drive, 10th Floor, Raffles Makati, Makati Ave, Ayala Centre, Makati City, 1224 Metro Manila, Philippines"
Sky High Bar,Bar,"21st Floor, Ace Hotel, Brixton St, Pasig, 1603 Metro Manila, Philippines"
VU's Sky Bar and Lounge,Bar,"H3P7+XC9, Marco Polo hotel, Meralco Ave, Ortigas Center, Pasig, Metro Manila, Philippines"
Seltsam,Restaurant,"Rooftop, Xanland Building, 152 Amorsolo Street, Legazpi Village, Makati City, 1229 Metro Manila, Philippines"
Lynx Gastro Lounge,Gastropub,"Roof Deck E&M Building, Dona Carmen, Makati City, 1210 Metro Manila, Philippines"
Lost Spirit Manila,Bar,"Hereos Hotel Roofdeck, 1260 Florentino Torres, San Andres Bukid, Manila, 1017 Metro Manila, Philippines"
Sari Sari,Bar,"5661 Washington St, cor Dela Rosa Street, Makati City, 1230 Metro Manila, Philippines"
BAR GOOD TIMES,Cocktail bar,"Ground Floor, Proscenium at Rockwell, Rockwell Center, Makati City, 1211 Metro Manila, Philippines"
Cheshire Speakeasy,Cocktail bar,"4F, White Rabbit Bldg 5672 Dona Carmen St, Cor General Luna, Poblacion, Makati City, 1210 Metro Manila, Philippines"
78-45-33,Bar,"78_45_33 San Agustin St, Makati City, 1227 Metro Manila, Philippines"
The Back Room,Bar,"Shangri-La The Fort, Manila, 30th St, Taguig, Metro Manila, Philippines"
Big Fuzz,Cocktail bar,"2nd Floor, Creekside Mall, Amorsolo Street, Legazpi Village, Makati City, 1229 Metro Manila, Philippines"
The Attic,Bar,"Ground Floor, Park West Residences 7th Avenue, 36th St, Taguig, Metro Manila, Philippines"
Circuit Makati,Bus stop,"Makati City, Metro Manila, Philippines"
Kart Plaza,Golf cart dealer,"1106 P. Binay, Corner Borneo, Streets, Makati City, 1234 Metro Manila, Philippines"
Drift Motor Speedway,Theme park,"Valley Fair Town Center, Ortigas Ave Ext, Taytay, 1920 Rizal, Philippines"
Ekartraceway Antipolo,Go-karting venue,"@ LRT2 Antipolo station, Eastgate Business & transport center, Marikina-Infanta Hwy, Masinag, Antipolo, 1870 Rizal, Philippines"
Nitro Drift Race track Vmall Greenhills,Go-karting venue,"San Juan City, Metro Manila, Philippines"
ArcoVia City Pasig,Business park,"99, 1604 Eulogio Rodriguez Jr. Ave, Pasig, 1604 Metro Manila, Philippines"
Zoomanity Group Theme Parks Head Office,Theme park,"3rd, YUPANGCO BUILDING, 339 Sen. Gil J. Puyat Ave, Makati City, Metro Manila, Philippines"
Kart S on D Go Enterprise,Unknown,"1715 Int 8 Bo San Vicente St, Bgy 816, Zone 088 Paco, Manila, Philippines"
Speedway Radio Control Car Race Track Rental,Car racing venue,"4F SM City Manila Concepcion St, Bgy 659, Zone 071 Ermita, Manila, Philippines"
Nitrodrift E go Kart Track & Simulator Rentals,Amusement ride supplier,"1232 United Nations Ave, Paco, Manila, 1007 Metro Manila, Philippines"
Berjaya Makati Hotel - Philippines,Function room facility,"7835 Corner Eduque Street, 7835 Makati Ave, Makati City, 1209 Metro Manila, Philippines"
SpeedeeKarts (SpeedeeKarts by Infinifun),Go-karting venue,"J492+FHP, Felix Ave, Pasig, 1900 Metro Manila, Philippines"
Makati Shangri-La,Hotel,"Ayala Avenue, Makati Ave, Makati City, 1200 Metro Manila, Philippines"
Manong sisig,Go-karting venue,"3628, 3632 C. Rivera, Parañaque, Metro Manila, Philippines"
City Kart Racing,Go-karting venue,"3rd flr, Circuit Lane, AP Reyes St, Makati City, Metro Manila, Philippines"
Superbowl Bowling Center 42 Tenpin Lanes -,Bowling alley,"3rd Floor, Makati Square, Building Chino Roces Ave, Legazpi Village, Makati City, Metro Manila, Philippines"
Kings Queens Bowling,Bowling alley,"8846 Estrella Ave, cor Sampaloc, San Antonio, Makati City, Philippines"
Superbowl,Pool hall,"2130 Chino Roces Ave, Legazpi Village, Makati City, 1230 Metro Manila, Philippines"
Paeng Nepomuceno Trading Incorporated,Bowling alley,"Building A, Makati City, 1200 Metro Manila, Philippines"
Lazer Arena,Laser tag center,"5th floor, Mega Mall B Fashion Hall, EDSA Cor., Doña Julia Vargas Ave, Ortigas Center, Mandaluyong City, Metro Manila, Philippines"
ArtBuds,Art studio,"6th Floor, Karrivin Studios, 2316 Chino Roces Ave, Magallanes, Makati City, 1232 Metro Manila, Philippines"
Global Art Salcedo Makati,Art center,"Building, Three Salcedo Place, Salcedo Village, 2/f, 123 Tordesillas, Makati City, Metro Manila, Philippines"
MAARTSY,Art school,"186 Salcedo, Legazpi Village, Makati City, 1229 Metro Manila, Philippines"
Pottery Sessions,Pottery classes,"6057 R Palma, Poblacion, Makati City, 1210 Metro Manila, Philippines"
Color Me Mine_CEDO Makati,Painting studio,"Unit 101A, CEDO Wellness, Three Salcedo Place, Tordesillas, Makati City, 1209 Metro Manila, Philippines"
The Drawing Room,Art gallery,"Ground Floor, Building C, Karrivin Plaza, 2316 Chino Roces Avenue Extension, Barangay Magallanes, Makati City, 1231 Metro Manila, Philippines"
Craft MNL,Craft store,"Condominium, Pamana-Languages Building, Unit 302, 926 Antonio Arnaiz Ave, Makati, 1223 Kalakhang Maynila, Philippines"
Jollijam Arts Center,Art center,"2F, Three Salcedo Place, Salcedo Village, 123 Tordesillas, Makati City, 1227 Metro Manila, Philippines"
The School Of Academics And Arts,Educational institution,"H297+67F, Davila, Makati City, 1204 Metro Manila, Philippines"
Artist Space,Art gallery,"2nd Floor, Glass Wing, Ayala Museum, Highway Drive, Corner East Drive, Makati City, 1200 Metro Manila, Philippines"
KIT101 ART,Art school,"Menarco Tower, 32nd St, Post Proper Northside, Taguig, 1634 Metro Manila, Philippines"
The Oil Paint Store - Art Supplies (Makati Branch),Art supply store,"2nd floor, Same floor of SSS), Makati Central, Makati Square, 1230 Chino Roces Ave, Legazpi Village, Makati City, Metro Manila, Philippines"
Wabi Sabi Studio PH,Pottery store,"4th floor, 10 E Capitol Dr, Pasig, 1603 Metro Manila, Philippines"
Jollijam Arts Center (Rockwell Makati),Art school,"H27Q+9P5, Estrella St Inside Metropolitan Club/ Metro Club, Rockwell Dr, Makati City, 1200 Metro Manila, Philippines"
Laro Ceramics Studio BGC,Pottery classes,"3F, C2 Building, 7th Avenue, corner 28th St, Taguig, 1630 Metro Manila, Philippines"
Arts and Crafts Workshop,College,"713 Ferros Bel-Air Condominium, 30 Polaris Street, Bel-Air, Makati City, 1209 Metro Manila, Philippines"
E.R. Tagle Positivism Art Workshop,Art studio,"Makati Square, Chino Roces Ave, Legazpi Village, Makati City, 1200 Metro Manila, Philippines"
Art Caravan BGC,Art supply store,"The Forum, Unit 2-7 2nd floor, 7th Avenue, Federacion Dr, Post Proper Northside, Taguig, 1634 Metro Manila, Philippines"
The Art of Yarn Craft Studio,Art studio,"First Capitol Place - 1st street, corner Phil-Am Rd, Kapitolyo, Pasig, 1600 Metro Manila, Philippines"
Workshop.Studio,Craft store,"Ayala Malls, Gallery Drive, Hippodromo Street, Circuit, Makati City, Metro Manila, Philippines"
The D.i.y. (Do It Yourself) Shop,Hardware store,"2258 Chino Roces Ave, Ortigas Center, Makati City, Metro Manila, Philippines"
DIY Hardware - Makati Central Square,Home improvement store,"Philippines, Metro Manila, Makati City, Legazpi Village, 24"
Studio 925,Metal working shop,"34, 1200 Jupiter, Makati City, Metro Manila, Philippines"
MR.DIY,Home improvement store,"Level 2, Ayala Malls Circuit, Hippodromo St, Makati City, 1207 Metro Manila, Philippines"
MR.DIY,Home improvement store,"1635 Evangelista, Makati City, 1233 Metro Manila, Philippines"
The Diy Shop,Unknown,"1200 Antonio Arnaiz Ave, Makati City, Metro Manila, Philippines"
MR.DIY,Home improvement store,"5/F Waltermart Makati 790 Chino Roces Ave, corner Antonio Arnaiz Ave, Makati City, 1230 Metro Manila, Philippines"
MAIWASH LAUNDRY SHOP URDANETA ST,Laundry service,"2467 Urdaneta, Guadalupe Nuevo, Makati City, Metro Manila, Philippines"
MR.DIY,Home improvement store,"Level 4, One Ayala Mall, 1 Ayala Ave, Makati City, 1226 Metro Manila, Philippines"
Payapa Wellness & Spa - Makati,Spa,"Makati Tuscany Condominium, 6751 Ayala Avenue, corner Fonda, Makati City, 1226 Metro Manila, Philippines"
Breeze Oriental Spa & Massage - Makati,Massage spa,"G/F Skyland Plaza Tower B, Barangay San Antonio Village Malugay St, corner Talisay, Makati City, 1210 Metro Manila, Philippines"
Well Being Nature Spa Massage Makati,Spa,"131, Finman Building, Salcedo Village, Tordesillas, Makati City, 1227 Metro Manila, Philippines"
Enchanté Spa and Wellness Linear-Makati,Massage spa,"Tower 2, The Linear Makati, Commercial Unit 15, Mayapis St., Makati City, 1203 Metro Manila, Philippines"
K1 WELLNESS AND BEAUTY SPA & SALON MAKATI,Spa,"Valero Plaza Condominium, Valero, Makati City, 1227 Metro Manila, Philippines"
Palmeo Spa - Makati Home & Hotel Massage,Massage therapist,"Ayala Ave, Makati City, 1229 Metro Manila, Philippines"
New Lasema Spa Jjimjilbang,Spa,"8846 Sampaloc St, corner Estrella St, Makati City, 1203 Metro Manila, Philippines"
Thai Royale Spa Makati,Massage spa,"Ground Floor, LMI Building, 7823 Makati Ave, Poblacion, Makati City, 1210 Metro Manila, Philippines"
Hilot Healing Hands Massage Spa Clinic Makati,Massage spa,"4012B Yague, Makati City, 1204 Metro Manila, Philippines"
Unwind Wellness Spa,Massage spa,"8858 bldg, 8858 Sampaloc, Makati, 1203 Kalakhang Maynila, Philippines"
Taipei Spa Makati,Health spa,"4726 1208, Salamanca, Makati City, Metro Manila, Philippines"
SPA REMEDE,Massage spa,"107, Makati Central Business District, Ground Floor Crown tower, H.V. Dela Costa, Makati City, 1227 Metro Manila, Philippines"
I'M Onsen Spa,Spa,"I'M Hotel, UG Floor, Makati Avenue Corner, Kalayaan Ave, Makati City, 1210 Metro Manila, Philippines"
Calm Escape Premier Spa - Makati,Spa,"MJM Bldg, 650 J. P. Rizal St, Makati City, Metro Manila, Philippines"
NUtopia Spa,Spa,"G/F Unit 103, Makati Executive Center, Salcedo Village, San Agustin St, Makati City, Metro Manila, Philippines"
Celestia Hotel & Home Service Spa Massage Makati,Massage spa,"West St, Makati City, 1200 Metro Manila, Philippines"
Abacca Massage Spa,Spa,"Antipolo, Makati City, Metro Manila, Philippines"
Infinity Spa Makati,Massage spa,"G2W8+9Q8, Amorsolo Street, Makati City, Metro Manila, Philippines"
Wellmana Massage and Spa,Massage spa,"Lower ground, Makati Palace Hotel, 5011 P. Burgos, corner Caceres, Makati City, 1200 Metro Manila, Philippines"
Foot Zone Spa - Jupiter Makati,Massage spa,"3rd Floor, Sunshine Place, 56 Jupiter, Makati City, 1209 Metro Manila, Philippines"
Salus Spa In Legaspi,Massage spa,"G/F, Cristina Condominium, corner V.A. Rufino St, Legazpi Village, Makati City, Metro Manila, Philippines"
Sunrise Wellness Spa Makati Branch,Massage spa,"4118 Kalayaan Ave, Makati City, Metro Manila, Philippines"
Thai Boran Makati MNL,Massage spa,"Makati Ave, Bel-Air, Makati City, 1224 Metro Manila, Philippines"
Nuat Thai Makati,Massage spa,"705 bldg regray, J. P. Rizal St, Valenzuela, Makati City, Philippines"
Asian Massage Pasay,Massage spa,"Melbourne Residences, 11 Sen. Gil J. Puyat Ave, Makati City, 1300 Metro Manila, Philippines"
"WPS Spa, Filmore Makati",Massage spa,"Royal Regent Building, 5085 Filmore St, Makati City, 1235 Metro Manila, Philippines"
G.H Home Massage Services,Massage spa,"H28P+HHG, Amorsolo Drive, Rockwell Dr, Makati City, 1209 Metro Manila, Philippines"
Makati Meditation,Mediation service,"Philippines, Metro Manila, Makati City"
Open Mat Makati | Brazilian Jiu Jitsu | Yoga | Cold Plunge | Infrared Sauna | Contrast Therapy,Yoga studio,"Unit 2B, Brgy, Country Space I, Salcedo Village, 133 H.V. Dela Costa, Bel-Air, Makati City, 1227 Metro Manila, Philippines"
Ortigas Meditation,Meditation center,"AIC Gold Tower, PH Pasig #2505, Philippines"
"Sunspace Makati | Yoga, Meditation & Breathwork",Yoga studio,"202 2/F, Prince Tower, Salcedo Village, 14 Tordesillas, Makati City, 1209 Metro Manila, Philippines"
Ocean Sky Chan Monastery 海天禪寺,Meditation center,"716 Jose Abad Santos, San Juan City, 1500 Metro Manila, Philippines"
Meditation Philippines,Meditation center,"L.P. Leviste Street, Makati City, 1227 Metro Manila, Philippines"
Institute For Inner Studies Inc. | Pranic Healing Center,Wellness center,"2nd Floor La Paz Center, Salcedo St., Legazpi Village, Makati City, 1229 Metro Manila, Philippines"
Sama Sanctuary,Wellness center,"Unit 201, Centrum II Building, 150 Valero, Makati City, 1227 Metro Manila, Philippines"
Torre Yoga and Wellness,Yoga studio,"Tower 1, Cityland 10, Salcedo Village, H.V. Dela Costa, Makati City, Metro Manila, Philippines"
The Breathing Room,Yoga studio,"Unit 8D, Icon Plaza, 26th St, Post Proper Northside, Taguig, Metro Manila, Philippines"
ANAM CARA MANILA,Learning center,"Bel-Air Village Phase II, 161 Neptune, Makati City, Metro Manila, Philippines"
Pura Yoga Studio,Yoga studio,"122 Legazpi Street, Legazpi Village, Makati City, 1229 Metro Manila, Philippines"
Powerbreath,Meditation center,"1750 Adriatico St, Malate, Manila, 1004 Metro Manila, Philippines"
OCA collective,Meditation center,"2F, Bonifacio High Street, C2 building, 7th Ave, Taguig, 1630 Metro Manila, Philippines"
Sheng Zhen Philippines,Meditation center,"S&L Building, 101 Esteban, Legazpi Village, Makati City, 1229 Metro Manila, Philippines"
National Shrine of the Sacred Heart (Archdiocese of Manila),Catholic church,"4 Sacred Heart St, Makati City, 1203 Metro Manila, Philippines"
Asia Meditation,Meditation center,"26B, Classica Tower 2, Salcedo Village, 114 H.V. Dela Costa, Makati City, Metro Manila, Philippines"
Sto. Nino de Paz Greenbelt Chapel,Catholic church,"Ayala Center, Makati City, Metro Manila, Philippines"
RESONANCE,Meditation center,"5925 Algier, Makati City, 1210 Metro Manila, Philippines"
The Healing House at Palma,Wellness center,"6047 R Palma, Makati City, 1210 Metro Manila, Philippines"
Magallanes Interchange Park,Park,"G2R8+2PF, Makati City, Metro Manila, Philippines"
Makati Poblacion Park,Park,"Riverside J. P. Rizal St, Poblacion, Makati City, 1210 Metro Manila, Philippines"
Mahogany Park,Park,"G2PF+6XG, Mahogany Rd, Makati City, Metro Manila, Philippines"
BGC Greenway Park,Park,"130 McKinley Rd, Makati City, Metro Manila, Philippines"
Glorietta 3 Park,Park,"H22G+X2X, Parkway Dr, Makati City, Metro Manila, Philippines"
Crane & Turtle Garden,Park,"H239+G7V, Legazpi Street, Legazpi Village, Makati City, Metro Manila, Philippines"
Guadalupe Nuevo Cloverleaf Park,Park,"H28W+XF6, Makati City, Metro Manila, Philippines"
Buendia Freedom Park,Park,"H268+H3R, Sen. Gil J. Puyat Ave, Makati City, Metro Manila, Philippines"
Campanilla Park,Park,"1417 Campanilla, Makati City, Metro Manila, Philippines"
Legazpi Mini Park,Park,"Legazpi Village, Makati City, 1229 Metro Manila, Philippines"
Makati City San isidro park,Park,"H224+934, Dian St, Makati City, Metro Manila, Philippines"
City Garden Hotel Makati,Hotel,"7870 Makati, corner Durban, Barangay Poblacion, Makati City, 1210 Metro Manila, Philippines"
City Garden GRAND Hotel Makati,Hotel,"8008 Makati Ave, Kalayaan Ave, Makati, Makati City, 1200 Metro Manila, Philippines"
Cattleya Gardens,Condominium complex,"St, 111 Don Carlos Palanca, Legazpi Village, Makati, 1229 Kalakhang Maynila, Philippines"
Oriental Garden Makati Entrance,Condominium complex,"1224 Chino Roces Ave, Makati City, Metro Manila, Philippines"
Luna Gardens,Condominium complex,"Residential Dr, Makati City, Metro Manila, Philippines"
Garden Towers,Condominium complex,"Ayala Center, East St, San Lorenzo, Makati City, 1224 Metro Manila, Philippines"
Oriental Garden Condominium,Condominium complex,"Don Chino Roces Avenue, Makati City, Metro Manila, Philippines"
Makati Garden Club,Unknown,"H22H+FV6, Recoletos cor. Ayala Ave, Edsa Avenue, Makati City, Philippines"
Cypress Gardens Building,Condominium complex,"112, 1229 V.A. Rufino St, Legazpi Village, Makati City, 1229 Metro Manila, Philippines"
The Shops Ayala Triangle Gardens,Shopping mall,"1224 Makati Ave, Makati City, Metro Manila, Philippines"
Bonaventure Garden Homes,Housing complex,"2331A S. Osmeña, Makati City, 1208 Metro Manila, Philippines"
Splendido Gardens Salcedo,Condominium complex,"Splendido Gardens, Salcedo Village, 146 H.V. Dela Costa, Makati City, 1231 Metro Manila, Philippines"
Ayala Triangle Gardens Tower 2,Corporate office,"Paseo de Roxas, corner Makati Ave, Makati City, 1226 Metro Manila, Philippines"
Eternal Gardens Memorial Park Head Office,Memorial park,"Dominga Building III, 2113 Don Chino Roces Avenue, Corner Dela Rosa Street, Makati City, 1200 Metro Manila, Philippines"
ARIAS GARDEN POBLACION,Restaurant,"5804 dona carmen, cor Jacobo, Makati City, 1210 Metro Manila, Philippines"
ADDI's GARDEN,Garden,"G2X9+732, Melantic, Makati City, 1223 Metro Manila, Philippines"
Tivoli Garden Residences,Condominium complex,"69 Coronado, Mandaluyong City, 1550 Metro Manila, Philippines"
BGC Greenway Linear,Park,"G2XV+FJ8, Makati City, Metro Manila, Philippines"
Pasig River - Mandaluyong - Makati Area,Hiking area,"H2CJ+JGX, Hulo, Mandaluyong City, Metro Manila, Philippines"
Bel Air Park,Park,"40 Solar, Makati City, 1209 Metro Manila, Philippines"
WILD Café & Bar,Cafe,"5903 Matilde, Poblacion, Makati City, 1210 Metro Manila, Philippines"
The Silica Events Place Makati,Event venue,"6th Floor, Kaija, Makati Avenue, corner B. Valdez, Poblacion, Makati City, 1210 Metro Manila, Philippines"
Annex House,Social club,"5638 Don Pedro, Makati City, 1209 Metro Manila, Philippines"
SHAKA - Salcedo Makati,Vegan restaurant,"117-107 L.P. Leviste Street, Makati City, Metro Manila, Philippines"
Wiltlover Cafe - Makati,Cafe,"Level 2, Ayala Malls Circuit, Hippodromo St, Makati City, 1217 Metro Manila, Philippines"
Refinery,Restaurant,"Joya Lofts & Towers, 28 Plaza Dr, Rockwell Center, Makati City, 1210 Metro Manila, Philippines"
The Alley at Karrivin,Art center,"2316 Chino Roces Ave, Makati City, 1231 Metro Manila, Philippines"
Hidden Gem Coolest Crash spot Makati Swim Gym Park,Apartment,"Makati City, Metro Manila, Philippines"
The Pickle Spot Makati,Pickleball court,"2492 Pasong Tirad, Makati City, 1204 Metro Manila, Philippines"
Polilya | Craft Beer and Cocktails,Bar,"5767 Ebro, Makati City, Metro Manila, Philippines"
Finkels Makati,Restaurant,"Durban Hotel, 4875 Durban, Brgy. Poblacion, Makati City, 1210 Metro Manila, Philippines"
Yotteba Izakaya Revolution - Makati,Japanese restaurant,"Unit G-H, Ground Floor, Marvin Plaza Building, 2153 Chino Roces Ave, Brgy Pio del Pilar, Makati City, 1230 Metro Manila, Philippines"
